{
    "$schema": "https://schema.management.azure.com/schemas/2019-04-01/deploymentTemplate.json#",
    "contentVersion": "1.0.0.0",
    "parameters": {
        "images_ubuntu2204_cis_hardened_name": {
            "defaultValue": "ubuntu2204-cis-hardened",
            "type": "String"
        },
        "virtualMachines_pkrvmjzamy0addc_externalid": {
            "defaultValue": "/subscriptions/9c9f9b74-79dc-4997-8e92-c827e622bf47/resourceGroups/pkr-Resource-Group-jzamy0addc/providers/Microsoft.Compute/virtualMachines/pkrvmjzamy0addc",
            "type": "String"
        },
        "disks_pkrosjzamy0addc_externalid": {
            "defaultValue": "/subscriptions/9c9f9b74-79dc-4997-8e92-c827e622bf47/resourceGroups/pkr-Resource-Group-jzamy0addc/providers/Microsoft.Compute/disks/pkrosjzamy0addc",
            "type": "String"
        }
    },
    "variables": {},
    "resources": [
        {
            "type": "Microsoft.Compute/images",
            "apiVersion": "2024-11-01",
            "name": "[parameters('images_ubuntu2204_cis_hardened_name')]",
            "location": "eastus",
            "tags": {
                "dept": "security",
                "task": "cis_hardening"
            },
            "properties": {
                "sourceVirtualMachine": {
                    "id": "[parameters('virtualMachines_pkrvmjzamy0addc_externalid')]"
                },
                "storageProfile": {
                    "osDisk": {
                        "osType": "Linux",
                        "osState": "Generalized",
                        "diskSizeGB": 30,
                        "managedDisk": {
                            "id": "[parameters('disks_pkrosjzamy0addc_externalid')]"
                        },
                        "caching": "ReadWrite",
                        "storageAccountType": "Standard_LRS"
                    },
                    "dataDisks": [],
                    "zoneResilient": false
                },
                "hyperVGeneration": "V2"
            }
        }
    ]
}